name,rank,model,chain_i,chain_j,iLIS,iLIA,iLISA,ipSAE,actifpTM,LIS,cLIS,LIA,cLIA,ipTM,pLDDT_i,pLDDT_j,pLDDT,pTM,LIR_i,LIR_j,cLIR_i,cLIR_j,LIpLDDT_i,LIpLDDT_j,LIpLDDT,cLIpLDDT_i,cLIpLDDT_j,cLIpLDDT,len_i,len_j,LIR_indices_i,LIR_indices_j,cLIR_indices_i,cLIR_indices_j,structure_file
fold_sr35_59_and_sre2_atp,0,0,A,B,0.1226,292.6,35.9,0.0413,0.7212,0.0834,0.1802,1903.0,45.0,0.4500,75.2,61.5,73.6,0.710,107,62,12,11,77.6,81.1,78.9,79.6,79.3,79.4,889,118,"[1-12,14,33,35-83,122-145,427,430,458,513-518,520,533-537,552-556]","[3-22,26,28,30-69]","[61,64-65,68,71-72,130,133-134,136-137,140]","[4,9-10,12-14,16-17,19-20,51]",fold_sr35_59_and_sre2_atp_model_0.cif
fold_sr35_59_and_sre2_atp,0,0,A,C,0.4683,4151.8,1944.4,0.5198,0.9558,0.3838,0.5714,19281.0,894.0,0.9400,75.2,69.8,75.0,0.710,496,31,61,31,84.4,,,82.8,,,889,31,"[1,4,8,41-42,45,49,51,53-58,63-82,154-460,467-490,494-524,527,535-543,555-562,573-589,594-612,614-652,665-671]",[1-31],"[155-163,167-171,174,198-212,228,230-231,282-285,309-312,329,332,336,340,370-376,413,415-420,423,483]",[1-31],fold_sr35_59_and_sre2_atp_model_0.cif
fold_sr35_59_and_sre2_atp,0,0,B,C,0.0000,0.0,0.0,0.0000,0.0000,0.0000,0.0000,0.0,0.0,0.1900,61.5,69.8,63.2,0.710,0,0,0,0,,,,,,,118,31,,,,,fold_sr35_59_and_sre2_atp_model_0.cif
fold_sr35_59_and_sre2_atp,1,1,A,B,0.1383,418.1,57.8,0.0935,0.7575,0.0931,0.2053,3122.0,56.0,0.4600,75.5,61.9,73.9,0.710,138,64,19,15,78.3,81.1,79.2,77.5,79.2,78.2,889,118,"[1-15,18,29,32-86,119-145,426-434,456-460,511-520,530-538,552-557]","[3-22,26-69]","[59-61,64-65,68,71-72,126,129-130,133-134,136-137,140-141,144,533]","[4,8-10,12-14,16-17,19-21,28,51,53]",fold_sr35_59_and_sre2_atp_model_1.cif
fold_sr35_59_and_sre2_atp,1,1,A,C,0.4662,4127.1,1924.3,0.5128,0.9576,0.3818,0.5693,19422.0,877.0,0.9400,75.5,70.1,75.3,0.710,507,31,60,31,84.6,,,83.3,,,889,31,"[1-4,7-8,10,41-47,49-58,62-82,154-460,467-490,494-524,535-543,555-562,573-589,594-612,614-652,658,665-671]",[1-31],"[155-163,167-171,174,198-212,228,230-231,282-285,309-312,329,332,336,340,370-376,413,415-417,419-420,423,483]",[1-31],fold_sr35_59_and_sre2_atp_model_1.cif
fold_sr35_59_and_sre2_atp,1,1,B,C,0.0000,0.0,0.0,0.0000,0.0000,0.0000,0.0000,0.0,0.0,0.1900,61.9,70.1,63.6,0.710,0,0,0,0,,,,,,,118,31,,,,,fold_sr35_59_and_sre2_atp_model_1.cif
fold_sr35_59_and_sre2_atp,2,2,A,B,0.1215,301.5,36.6,0.0396,0.7333,0.0825,0.1789,1855.0,49.0,0.4500,75.3,61.2,73.7,0.710,102,62,15,12,77.0,80.6,78.4,78.2,78.7,78.4,889,118,"[1-12,14,33-83,122-145,427,514-518,533-537,553-555]","[3-22,26,28,30-69]","[61,64-65,68,71-72,129-130,133-134,136-137,140-141,144]","[4,9-10,12-14,16-17,19-21,51]",fold_sr35_59_and_sre2_atp_model_2.cif
fold_sr35_59_and_sre2_atp,2,2,A,C,0.4641,4039.4,1874.8,0.4998,0.9561,0.3797,0.5674,18863.0,865.0,0.9400,75.3,69.9,75.1,0.710,483,31,61,31,84.6,,,82.8,,,889,31,"[51,53-58,63-82,154-459,467-490,495-524,536-542,556-562,573-589,594-612,614-652,665-671]",[1-31],"[155-163,167-171,174,198-212,228,230-231,282-285,309-312,329,332,336,340,344,370-376,413,415-417,419-420,423,483]",[1-31],fold_sr35_59_and_sre2_atp_model_2.cif
fold_sr35_59_and_sre2_atp,2,2,B,C,0.0000,0.0,0.0,0.0000,0.0000,0.0000,0.0000,0.0,0.0,0.1800,61.2,69.9,63.0,0.710,0,0,0,0,,,,,,,118,31,,,,,fold_sr35_59_and_sre2_atp_model_2.cif
fold_sr35_59_and_sre2_atp,3,3,A,B,0.1459,450.8,65.8,0.0930,0.7606,0.0956,0.2226,3565.0,57.0,0.4800,75.3,62.3,73.7,0.710,140,68,16,14,78.1,80.1,78.8,78.1,79.3,78.6,889,118,"[1-15,18,29,32-86,119-145,422,426-434,456-460,511-520,530-538,552-557,578]","[1-23,26-70]","[60-61,64-65,68,71-72,126,129-130,133-134,136-137,140,533]","[4,8-10,12-14,16-17,19-20,28,51,53]",fold_sr35_59_and_sre2_atp_model_3.cif
fold_sr35_59_and_sre2_atp,3,3,A,C,0.4311,3885.1,1674.8,0.3704,0.9489,0.3409,0.5452,17231.0,876.0,0.9300,75.3,69.9,75.1,0.710,472,31,61,31,85.0,,,82.6,,,889,31,"[41-42,44-45,49,63-82,155-185,188-255,260-298,300-459,467-490,495-522,536-542,555-562,573-589,594-612,614-652,665-671]",[1-31],"[155-163,167-171,174,198-212,228-231,282-285,309-312,329,332,336,340,370-375,413,415-420,423,483]",[1-31],fold_sr35_59_and_sre2_atp_model_3.cif
fold_sr35_59_and_sre2_atp,3,3,B,C,0.0000,0.0,0.0,0.0000,0.0000,0.0000,0.0000,0.0,0.0,0.1900,62.3,69.9,63.9,0.710,0,0,0,0,,,,,,,118,31,,,,,fold_sr35_59_and_sre2_atp_model_3.cif
fold_sr35_59_and_sre2_atp,4,4,A,B,0.1465,464.3,68.0,0.1041,0.7667,0.0995,0.2156,3593.0,60.0,0.4700,75.3,61.8,73.7,0.710,144,68,16,16,78.4,80.1,78.9,78.0,77.5,77.7,889,118,"[1-15,18,32-86,119-145,422,425-434,436,453,456-460,511-520,529-538,552-557,578,580]","[1-22,24,26-70]","[60-61,64-65,68,71-72,126,129-130,133-134,136-137,140,533]","[1,4,8-10,12-14,16-17,19-20,28,47,51,53]",fold_sr35_59_and_sre2_atp_model_4.cif
fold_sr35_59_and_sre2_atp,4,4,A,C,0.4177,3711.2,1550.3,0.2919,0.9467,0.3308,0.5274,16090.0,856.0,0.9200,75.3,69.9,75.1,0.710,461,31,61,31,85.5,,,82.1,,,889,31,"[3-4,7-8,41-42,44-45,49,63-82,155-184,192-252,254-255,260-298,302-383,386-402,407-459,467-490,495-522,536-542,556-562,573-589,594-612,614-652,665-671]",[1-31],"[155-163,167-171,198-212,228,230-231,282-285,309-312,329,331-332,336,340,343-344,370-376,413,415-417,419-420,483]",[1-31],fold_sr35_59_and_sre2_atp_model_4.cif
fold_sr35_59_and_sre2_atp,4,4,B,C,0.0000,0.0,0.0,0.0000,0.0000,0.0000,0.0000,0.0,0.0,0.1900,61.8,69.9,63.5,0.710,0,0,0,0,,,,,,,118,31,,,,,fold_sr35_59_and_sre2_atp_model_4.cif
