"sheet","conditions","val","date","dpi","plate","note","A","B","norm","irregular"
"effectors Alone","SRE20 + PTO",106.807168,"17.07.2026","4","7","","SRE20","PTO",0.614504994049497,FALSE
"effectors Alone","SRE20 + PTO",138.278584,"17.07.2026","4","7","","SRE20","PTO",0.795718689422712,FALSE
"effectors Alone","SRE20 + PTO",145.213281,"17.07.2026","4","7","","SRE20","PTO",0.835648957246173,FALSE
"effectors Alone","SRE20 + EV",126.645998,"17.07.2026","4","7","","SRE20","EV",0.728737785360222,FALSE
"effectors Alone","SRE20 + EV",109.713061,"17.07.2026","4","7","","SRE20","EV",0.631237244320319,FALSE
"effectors Alone","SRE20 + EV",147.569261,"17.07.2026","4","7","","SRE20","EV",0.849214786061292,FALSE
"effectors Alone","SRE9 + PTO",108.646878,"17.07.2026","4","5","","SRE9","PTO",0.625098119173421,FALSE
"effectors Alone","SRE9 + PTO",119.229771,"17.07.2026","4","5","","SRE9","PTO",0.686034848180763,FALSE
"effectors Alone","SRE9 + PTO",115.87423,"17.07.2026","4","5","","SRE9","PTO",0.666713506408714,FALSE
"effectors Alone","SRE9 + PTO",78.525713,"03.08.2026","4","11","","SRE9","PTO",0.445903404755023,FALSE
"effectors Alone","SRE9 + PTO",83.340458,"03.08.2026","4","11","","SRE9","PTO",0.473796853460457,FALSE
"effectors Alone","SRE9 + PTO",119.816914,"03.08.2026","4","11","","SRE9","PTO",0.685117318904011,FALSE
"effectors Alone","SRE9 + PTO",109.212935,"08.08.2026","4","2","irregular","SRE9","PTO",0.80144624858053,TRUE
"effectors Alone","SRE9 + PTO",133.960287,"08.08.2026","4","2","irregular","SRE9","PTO",1,TRUE
"effectors Alone","SRE9 + PTO",12.520045,"08.08.2026","4","2","irregular","SRE9","PTO",0.025656740067046,TRUE
"effectors Alone","SRE9 + EV",124.73175,"17.07.2026","4","5","","SRE9","EV",0.717715467395857,FALSE
"effectors Alone","SRE9 + EV",133.760994,"17.07.2026","4","5","","SRE9","EV",0.769706222170489,FALSE
"effectors Alone","SRE9 + EV",124.5365,"17.07.2026","4","5","","SRE9","EV",0.716591209941994,FALSE
"effectors Alone","SRE2 + PTO",167.226913,"21.07.2026","5","3","","SRE2","PTO",1,FALSE
"effectors Alone","SRE2 + PTO",9.304969,"21.07.2026","5","3","","SRE2","PTO",0.0470372047193598,FALSE
"effectors Alone","SRE2 + PTO",156.360818,"21.07.2026","5","3","","SRE2","PTO",0.934429731532529,FALSE
"effectors Alone","SRE2 + PTO",149.897318,"21.07.2026","5","3","","SRE2","PTO",0.895426443760841,FALSE
"effectors Alone","SRE2 + PTO",151.718558,"21.07.2026","5","3","","SRE2","PTO",0.906416518460509,FALSE
"effectors Alone","SRE2 + PTO",21.550572,"04.08.2026","4","3","","SRE2","PTO",0.0949642063375238,FALSE
"effectors Alone","SRE2 + PTO",54.655453,"04.08.2026","4","3","","SRE2","PTO",0.274198791723368,FALSE
"effectors Alone","SRE2 + PTO",93.027485,"04.08.2026","4","3","","SRE2","PTO",0.481950489907462,FALSE
"effectors Alone","SRE2 + PTO",67.24934,"04.08.2026","4","3","","SRE2","PTO",0.34238390662655,FALSE
"effectors Alone","SRE2 + PTO",40.364556,"04.08.2026","4","3","","SRE2","PTO",0.196825820692697,FALSE
"effectors Alone","SRE2 + PTO",16.124054,"31.07.2026","4","2","irregular","SRE2","PTO",0.00775310713026419,TRUE
"effectors Alone","SRE2 + PTO",79.316944,"31.07.2026","4","2","irregular","SRE2","PTO",0.51476126166936,TRUE
"effectors Alone","SRE2 + PTO",53.169818,"31.07.2026","4","2","irregular","SRE2","PTO",0.3049780708743,TRUE
"effectors Alone","SRE2 + EV",81.954485,"21.07.2026","5","3","","SRE2","EV",0.485432807569497,FALSE
"effectors Alone","SRE2 + EV",139.522208,"21.07.2026","5","3","","SRE2","EV",0.832818970875729,FALSE
"effectors Alone","SRE2 + EV",35.891161,"21.07.2026","5","3","","SRE2","EV",0.207468688795998,FALSE
"effectors Alone","SRE2 + EV",154.185576,"21.07.2026","5","3","","SRE2","EV",0.921303470265558,FALSE
"effectors Alone","SRE2 + EV",158.51715,"21.07.2026","5","3","","SRE2","EV",0.947441882461174,FALSE
"effectors Alone","SRE2 + EV",38.120879,"11.08.2026","4","6","","SRE2","EV",0.243847665865582,FALSE
"effectors Alone","SRE2 + EV",133.187088,"11.08.2026","4","6","","SRE2","EV",0.855129381194976,FALSE
"effectors Alone","SRE2 + EV",133.147253,"11.08.2026","4","6","","SRE2","EV",0.854873239634412,FALSE
"Controls","Sr35WT + AvrSr35",6.336989,"03.08.2026","4","10","irregular","Sr35WT","AvrSr35",0.0276896738087854,TRUE
"Controls","Sr35WT + AvrSr35",13.163389,"03.08.2026","4","10","irregular","Sr35WT","AvrSr35",0.0672373213462512,TRUE
"Controls","Sr35WT + AvrSr35",5.418306,"03.08.2026","4","10","irregular","Sr35WT","AvrSr35",0.0223674320001218,TRUE
"Controls","Sr35WT + AvrSr35",5.328669,"03.08.2026","4","10","irregular","Sr35WT","AvrSr35",0.0218481344959738,TRUE
"Controls","Sr35WT + AvrSr35",4.802194,"03.08.2026","4","10","irregular","Sr35WT","AvrSr35",0.0187980864857067,TRUE
"Controls","RxWT + PTO",34.677005,"03.08.2026","4","10","irregular","RxWT","PTO",0.191872986239077,TRUE
"Controls","RxWT + PTO",30.045386,"03.08.2026","4","10","irregular","RxWT","PTO",0.165040448482744,TRUE
"Controls","RxWT + PTO",29.200454,"03.08.2026","4","10","irregular","RxWT","PTO",0.160145471199091,TRUE
"Controls","RxWT + PTO",40.185703,"03.08.2026","4","10","irregular","RxWT","PTO",0.223786739739361,TRUE
"Controls","RxWT + PTO",27.147504,"03.08.2026","4","10","irregular","RxWT","PTO",0.148252036444017,TRUE
"Controls","AvrSr35 + EV",146.726172,"03.08.2026","4","10","irregular","AvrSr35","EV",0.841011765593149,TRUE
"Controls","AvrSr35 + EV",60.496974,"03.08.2026","4","10","irregular","AvrSr35","EV",0.341456812771406,TRUE
"Controls","AvrSr35 + EV",57.962557,"03.08.2026","4","10","irregular","AvrSr35","EV",0.326774076595829,TRUE
"Controls","AvrSr35 + EV",93.172466,"03.08.2026","4","10","irregular","AvrSr35","EV",0.530757006245167,TRUE
"Controls","AvrSr35 + EV",75.816566,"03.08.2026","4","10","irregular","AvrSr35","EV",0.430208398502359,TRUE
"Controls","EV + PTO",60.744705,"03.08.2026","4","10","irregular","EV","PTO",0.342892002369452,TRUE
"Controls","EV + PTO",55.874433,"03.08.2026","4","10","irregular","EV","PTO",0.314676866944105,TRUE
"Controls","EV + PTO",32.369894,"03.08.2026","4","10","irregular","EV","PTO",0.178507110717893,TRUE
"Controls","EV + PTO",5.443646,"03.08.2026","4","10","irregular","EV","PTO",0.022514235203655,TRUE
"Controls","EV + PTO",29.238654,"03.08.2026","4","10","irregular","EV","PTO",0.160366776738751,TRUE
"Controls","SRE12 + PTO",9.482224,"03.08.2026","4","10","irregular","SRE12","PTO",0.0459110855635172,TRUE
"Controls","SRE12 + PTO",136.8941,"03.08.2026","4","10","irregular","SRE12","PTO",0.78405124203476,TRUE
"Controls","SRE12 + PTO",93.448185,"03.08.2026","4","10","irregular","SRE12","PTO",0.532354339807716,TRUE
"Controls","SRE12 + PTO",39.351362,"03.08.2026","4","10","irregular","SRE12","PTO",0.218953119706246,TRUE
"Controls","SRE12 + PTO",83.238275,"03.08.2026","4","10","irregular","SRE12","PTO",0.473204872728546,TRUE
"Controls","Sr35WT + PTO",93.928517,"03.08.2026","4","10","irregular","Sr35WT","PTO",0.535137065788755,TRUE
"Controls","Sr35WT + PTO",88.858548,"03.08.2026","4","10","irregular","Sr35WT","PTO",0.505765017998137,TRUE
"Controls","Sr35WT + PTO",9.227307,"03.08.2026","4","10","irregular","Sr35WT","PTO",0.0444342650333244,TRUE
"Controls","Sr35WT + PTO",5.244327,"03.08.2026","4","10","irregular","Sr35WT","PTO",0.0213595127204252,TRUE
"Controls","Sr35WT + PTO",76.349092,"03.08.2026","4","10","irregular","Sr35WT","PTO",0.433293502005309,TRUE
"Controls","RxWT + SRE12",123.829425,"03.08.2026","4","10","irregular","RxWT","SRE12",0.70836315430308,TRUE
"Controls","RxWT + SRE12",11.878593,"03.08.2026","4","10","irregular","RxWT","SRE12",0.0597940629134688,TRUE
"Controls","RxWT + SRE12",72.799168,"03.08.2026","4","10","irregular","RxWT","SRE12",0.412727589791435,TRUE
"Controls","RxWT + SRE12",6.134266,"03.08.2026","4","10","irregular","RxWT","SRE12",0.0265152308005032,TRUE
"Controls","RxWT + SRE12",51.039334,"03.08.2026","4","10","irregular","RxWT","SRE12",0.286665500622068,TRUE
"Controls","AvrSr35 + PTO",110.720121,"03.08.2026","4","10","irregular","AvrSr35","PTO",0.632416515657017,TRUE
"Controls","AvrSr35 + PTO",114.878215,"03.08.2026","4","10","irregular","AvrSr35","PTO",0.656505762689076,TRUE
"Controls","AvrSr35 + PTO",13.547277,"03.08.2026","4","10","irregular","AvrSr35","PTO",0.0694613145663764,TRUE
"Controls","AvrSr35 + PTO",78.47239,"03.08.2026","4","10","irregular","AvrSr35","PTO",0.445594486553681,TRUE
"Controls","AvrSr35 + PTO",13.428896,"03.08.2026","4","10","irregular","AvrSr35","PTO",0.0687754933336428,TRUE
"Controls","Sr35WT + SRE12",128.937973,"03.08.2026","4","10","irregular","Sr35WT","SRE12",0.737958703308739,TRUE
"Controls","Sr35WT + SRE12",37.95764,"03.08.2026","4","10","irregular","Sr35WT","SRE12",0.210878816058465,TRUE
"Controls","Sr35WT + SRE12",86.668306,"03.08.2026","4","10","irregular","Sr35WT","SRE12",0.49307620418152,TRUE
"Controls","Sr35WT + SRE12",5.519289,"03.08.2026","4","10","irregular","Sr35WT","SRE12",0.0229524607255518,TRUE
"Controls","Sr35WT + SRE12",94.268154,"03.08.2026","4","10","irregular","Sr35WT","SRE12",0.537104697976538,TRUE
"Controls","PTO alone",5.098336,"03.08.2026","4","10","irregular","PTO alone","",0.0205137374052309,TRUE
"Controls","PTO alone",21.309758,"03.08.2026","4","10","irregular","PTO alone","",0.114431996419809,TRUE
"Controls","PTO alone",43.184191,"03.08.2026","4","10","irregular","PTO alone","",0.241157996414816,TRUE
"Controls","PTO alone",74.61649,"03.08.2026","4","10","irregular","PTO alone","",0.423255951727167,TRUE
"Controls","PTO alone",104.555598,"03.08.2026","4","10","irregular","PTO alone","",0.596703345781152,TRUE
"Positive Controls for candidate","RxWT + PvxCP",60.278364,"17.07.2026","4","7","","RxWT","PvxCP",0.346590245182269,FALSE
"Positive Controls for candidate","RxWT + PvxCP",69.842128,"17.07.2026","4","7","","RxWT","PvxCP",0.401658787891543,FALSE
"Positive Controls for candidate","RxWT + PvxCP",68.027704,"17.07.2026","4","7","","RxWT","PvxCP",0.39121126058569,FALSE
"Positive Controls for candidate","RxWT + PvxCP",0.105321,"17.07.2026","4","6","","RxWT","PvxCP",0.000111412330216611,FALSE
"Positive Controls for candidate","RxWT + PvxCP",0.085972,"17.07.2026","4","6","","RxWT","PvxCP",0,FALSE
"Positive Controls for candidate","RxWT + PvxCP",0.110598,"17.07.2026","4","6","","RxWT","PvxCP",0.000141797511184778,FALSE
"Positive Controls for candidate","RxWT + PvxCP",9.025286,"17.07.2026","4","5","","RxWT","PvxCP",0.0514729341711705,FALSE
"Positive Controls for candidate","RxWT + PvxCP",8.895119,"17.07.2026","4","5","","RxWT","PvxCP",0.0507234272825816,FALSE
"Positive Controls for candidate","RxWT + PvxCP",9.258355,"17.07.2026","4","5","","RxWT","PvxCP",0.052814954967659,FALSE
"Positive Controls for candidate","RxWT + PvxCP",8.551962,"21.07.2026","5","2","","RxWT","PvxCP",0.0424932658758392,FALSE
"Positive Controls for candidate","RxWT + PvxCP",8.284641,"21.07.2026","5","2","","RxWT","PvxCP",0.0408801463755042,FALSE
"Positive Controls for candidate","RxWT + PvxCP",8.116444,"21.07.2026","5","2","","RxWT","PvxCP",0.0398651798723194,FALSE
"Positive Controls for candidate","RxWT + PvxCP",8.020242,"21.07.2026","5","2","","RxWT","PvxCP",0.0392846593663688,FALSE
"Positive Controls for candidate","RxWT + PvxCP",7.89086,"21.07.2026","5","2","","RxWT","PvxCP",0.0385039177591163,FALSE
"Positive Controls for candidate","RxWT + PvxCP",2.110158,"21.07.2026","5","2","","RxWT","PvxCP",0.00362090025646706,FALSE
"Positive Controls for candidate","RxWT + PvxCP",12.706464,"21.07.2026","5","2","","RxWT","PvxCP",0.0675631563460262,FALSE
"Positive Controls for candidate","RxWT + PvxCP",1.698329,"21.07.2026","5","2","","RxWT","PvxCP",0.00113576294700213,FALSE
"Positive Controls for candidate","RxWT + PvxCP",1.510114,"21.07.2026","5","2","","RxWT","PvxCP",0,FALSE
"Positive Controls for candidate","RxWT + PvxCP",1.582234,"21.07.2026","5","2","","RxWT","PvxCP",0.000435200296138957,FALSE
"Positive Controls for candidate","RxWT + PvxCP",15.699697,"31.07.2026","4","2","irregular","RxWT","PvxCP",0.00434841303515717,TRUE
"Positive Controls for candidate","RxWT + PvxCP",16.088124,"31.07.2026","4","2","irregular","RxWT","PvxCP",0.00746483414587322,TRUE
"Positive Controls for candidate","RxWT + PvxCP",16.022693,"31.07.2026","4","2","irregular","RxWT","PvxCP",0.00693986922403395,TRUE
"Positive Controls for candidate","RxWT + PvxCP",6.493494,"03.08.2026","4","11","","RxWT","PvxCP",0.0285963602874347,FALSE
"Positive Controls for candidate","RxWT + PvxCP",6.524164,"03.08.2026","4","11","","RxWT","PvxCP",0.028774041986423,FALSE
"Positive Controls for candidate","RxWT + PvxCP",6.645291,"03.08.2026","4","11","","RxWT","PvxCP",0.0294757717273217,FALSE
"Positive Controls for candidate","RxWT + PvxCP",15.997212,"03.08.2026","4","9","","RxWT","PvxCP",0.0836546178989823,FALSE
"Positive Controls for candidate","RxWT + PvxCP",9.870198,"03.08.2026","4","9","","RxWT","PvxCP",0.0481587503657118,FALSE
"Positive Controls for candidate","RxWT + PvxCP",7.785316,"03.08.2026","4","9","","RxWT","PvxCP",0.0360803227181659,FALSE
"Positive Controls for candidate","RxWT + PvxCP",2.97057,"03.08.2026","4","9","","RxWT","PvxCP",0.00818686821939307,FALSE
"Positive Controls for candidate","RxWT + PvxCP",2.746592,"03.08.2026","4","9","","RxWT","PvxCP",0.0068892877963082,FALSE
"Positive Controls for candidate","RxWT + PvxCP",2.585502,"03.08.2026","4","9","","RxWT","PvxCP",0.00595603885956111,FALSE
"Positive Controls for candidate","RxWT + PvxCP",6.640501,"04.08.2026","4","3","","RxWT","PvxCP",0.0142389382491564,FALSE
"Positive Controls for candidate","RxWT + PvxCP",6.360818,"04.08.2026","4","3","","RxWT","PvxCP",0.0127246942757536,FALSE
"Positive Controls for candidate","RxWT + PvxCP",6.300792,"04.08.2026","4","3","","RxWT","PvxCP",0.0123997048815198,FALSE
"Positive Controls for candidate","RxWT + PvxCP",6.224934,"04.08.2026","4","3","","RxWT","PvxCP",0.0119889987630414,FALSE
"Positive Controls for candidate","RxWT + PvxCP",6.085092,"04.08.2026","4","3","","RxWT","PvxCP",0.0112318740692681,FALSE
"Positive Controls for candidate","RxWT + PvxCP",4.197651,"04.08.2026","4","1","","RxWT","PvxCP",0.00101299712857636,FALSE
"Positive Controls for candidate","RxWT + PvxCP",4.010549,"04.08.2026","4","1","","RxWT","PvxCP",0,FALSE
"Positive Controls for candidate","RxWT + PvxCP",4.012142,"04.08.2026","4","1","","RxWT","PvxCP",8.62473103345703e-06,FALSE
"Positive Controls for candidate","RxWT + PvxCP",4.077826,"04.08.2026","4","1","","RxWT","PvxCP",0.000364247350745753,FALSE
"Positive Controls for candidate","RxWT + PvxCP",4.147094,"04.08.2026","4","1","","RxWT","PvxCP",0.000739274261747387,FALSE
"Positive Controls for candidate","RxWT + PvxCP",4.300159,"04.08.2026","4","1","","RxWT","PvxCP",0.00156799017865656,FALSE
"Positive Controls for candidate","Sr35WT + AvrSr35",10.628215,"08.08.2026","4","2","irregular","Sr35WT","AvrSr35",0.0104781486950117,TRUE
"Positive Controls for candidate","Sr35WT + AvrSr35",30.413767,"08.08.2026","4","2","irregular","Sr35WT","AvrSr35",0.169222226586861,TRUE
"Positive Controls for candidate","Sr35WT + AvrSr35",12.014372,"08.08.2026","4","2","irregular","Sr35WT","AvrSr35",0.0215996081710137,TRUE
"Positive Controls for candidate","RxWT + PvxCP",2.555172,"11.08.2026","4","2","","RxWT","PvxCP",0.0151579283599801,FALSE
"Positive Controls for candidate","RxWT + PvxCP",2.504926,"11.08.2026","4","2","","RxWT","PvxCP",0.0148348434132727,FALSE
"Positive Controls for candidate","RxWT + PvxCP",2.434975,"11.08.2026","4","2","","RxWT","PvxCP",0.014385054074676,FALSE
"Positive Controls for candidate","RxWT + PvxCP",2.394581,"11.08.2026","4","2","","RxWT","PvxCP",0.0141253181088817,FALSE
"Positive Controls for candidate","RxWT + PvxCP",2.480542,"11.08.2026","4","2","","RxWT","PvxCP",0.0146780527564938,FALSE
"Positive Controls for candidate","RxWT + PvxCP",0.666502,"13.08.2026","3","4","","RxWT","PvxCP",0,FALSE
"Positive Controls for candidate","RxWT + PvxCP",0.699261,"13.08.2026","3","4","","RxWT","PvxCP",0.000234535528799902,FALSE
"Positive Controls for candidate","RxWT + PvxCP",0.718473,"13.08.2026","3","4","","RxWT","PvxCP",0.00037208235804694,FALSE
"Positive Controls for candidate","RxWT + PvxCP",0.70665,"13.08.2026","3","4","","RxWT","PvxCP",0.000287436503258905,FALSE
"Positive Controls for candidate","RxWT + PvxCP",0.740887,"13.08.2026","3","4","","RxWT","PvxCP",0.00053255365883515,FALSE
"Positive Controls for candidate","RxWT + PvxCP",0.752217,"13.08.2026","3","4","","RxWT","PvxCP",0.000613669918223499,FALSE
"Positive Controls for candidate","Sr35WT + AvrSr35",1.76044,"03.08.2026","4","6","","Sr35WT","AvrSr35",0.00117617521656384,FALSE
"Positive Controls for candidate","Sr35WT + AvrSr35",1.713462,"03.08.2026","4","6","","Sr35WT","AvrSr35",0.000904015749492604,FALSE
"Positive Controls for candidate","Sr35WT + AvrSr35",1.717857,"03.08.2026","4","6","","Sr35WT","AvrSr35",0.000929477473230908,FALSE
"Positive Controls for candidate","Sr35WT + AvrSr35",3.358399,"13.08.2026","4","1","","Sr35WT","AvrSr35",0.0192724285347498,FALSE
"Positive Controls for candidate","Sr35WT + AvrSr35",3.205805,"13.08.2026","4","1","","Sr35WT","AvrSr35",0.0181799435846081,FALSE
"Positive Controls for candidate","Sr35WT + AvrSr35",3.131486,"13.08.2026","4","1","","Sr35WT","AvrSr35",0.0176478624476723,FALSE
"Positive Controls for candidate","Sr35WT + AvrSr35",3.104661,"13.08.2026","4","1","","Sr35WT","AvrSr35",0.0174558109332776,FALSE
"Positive Controls for candidate","Sr35WT + AvrSr35",3.306728,"13.08.2026","4","1","","Sr35WT","AvrSr35",0.0189024940035181,FALSE
"Positive Controls for candidate","Sr35WT + AvrSr35",3.194811,"13.08.2026","4","1","","Sr35WT","AvrSr35",0.0181012328912528,FALSE
"Rx53","Rx53 + SRE2",15.85174,"31.07.2026","4","2","irregular","Rx53","SRE2",0.00556828192927781,TRUE
"Rx53","Rx53 + SRE2",139.79652,"31.07.2026","4","2","irregular","Rx53","SRE2",1,TRUE
"Rx53","Rx53 + SRE2",19.208396,"31.07.2026","4","2","irregular","Rx53","SRE2",0.0324993490791199,TRUE
"Rx53","Rx53 + PvxCP",25.508321,"31.07.2026","4","2","irregular","Rx53","PvxCP",0.0830448036070693,TRUE
"Rx53","Rx53 + PvxCP",21.659607,"31.07.2026","4","2","irregular","Rx53","PvxCP",0.0521658648136579,TRUE
"Rx53","Rx53 + PvxCP",15.787821,"31.07.2026","4","2","irregular","Rx53","PvxCP",0.00505544806094255,TRUE
"Rx53","Rx53 + PTO",15.522315,"31.07.2026","4","2","irregular","Rx53","PTO",0.00292524469345839,TRUE
"Rx53","Rx53 + PTO",15.157716,"31.07.2026","4","2","irregular","Rx53","PTO",0,TRUE
"Rx53","Rx53 + PTO",17.04879,"31.07.2026","4","2","irregular","Rx53","PTO",0.0151724337791303,TRUE
"Rx57","Rx57 + SRE2",20.05893,"11.08.2026","4","7","","Rx57","SRE2",0.127708195458047,FALSE
"Rx57","Rx57 + SRE2",33.680426,"11.08.2026","4","7","","Rx57","SRE2",0.215295273220162,FALSE
"Rx57","Rx57 + SRE2",10.420042,"11.08.2026","4","7","","Rx57","SRE2",0.0657295381360962,FALSE
"Rx57","Rx57 + SRE2",14.100208,"11.08.2026","4","7","","Rx57","SRE2",0.0893932374551351,FALSE
"Rx57","Rx57 + SRE2",14.837747,"11.08.2026","4","7","","Rx57","SRE2",0.0941356597078446,FALSE
"Rx57","Rx57 + PvxCP",52.038422,"11.08.2026","4","7","","Rx57","PvxCP",0.333338344495783,FALSE
"Rx57","Rx57 + PvxCP",47.788681,"11.08.2026","4","7","","Rx57","PvxCP",0.30601224202981,FALSE
"Rx57","Rx57 + PvxCP",20.511423,"11.08.2026","4","7","","Rx57","PvxCP",0.130617753965997,FALSE
"Rx57","Rx57 + PvxCP",31.997923,"11.08.2026","4","7","","Rx57","PvxCP",0.204476672891975,FALSE
"Rx57","Rx57 + SRE12",66.614486,"11.08.2026","4","7","","Rx57","SRE12",0.427063354658659,FALSE
"Rx57","Rx57 + SRE12",51.172118,"11.08.2026","4","7","","Rx57","SRE12",0.32776795517778,FALSE
"Rx57","Rx57 + SRE12",74.821651,"11.08.2026","4","7","","Rx57","SRE12",0.479835942857599,FALSE
"Rx57","Rx57 + SRE12",81.456386,"11.08.2026","4","7","","Rx57","SRE12",0.522497707055601,FALSE
"Rx57","Rx57 + PTO",60.187435,"11.08.2026","4","7","","Rx57","PTO",0.385737011669748,FALSE
"Rx57","Rx57 + PTO",23.839304,"11.08.2026","4","7","","Rx57","PTO",0.152016238532602,FALSE
"Rx57","Rx57 + PTO",41.904465,"11.08.2026","4","7","","Rx57","PTO",0.26817636230257,FALSE
"Rx57","Rx57 + PTO",33.744029,"11.08.2026","4","7","","Rx57","PTO",0.215704244518682,FALSE
"Rx57","Rx57 + PTO",132.225857,"11.08.2026","4","7","","Rx57","PTO",0.848948605284286,FALSE
"Rx59","Rx59 + SRE2",84.026165,"04.08.2026","4","3","","Rx59","SRE2",0.433216049263338,FALSE
"Rx59","Rx59 + SRE2",82.889182,"04.08.2026","4","3","","Rx59","SRE2",0.42706025983169,FALSE
"Rx59","Rx59 + SRE2",33.406772,"04.08.2026","4","3","","Rx59","SRE2",0.159155377761812,FALSE
"Rx59","Rx59 + SRE2",52.154134,"04.08.2026","4","3","","Rx59","SRE2",0.260656291030412,FALSE
"Rx59","Rx59 + SRE2",78.207344,"04.08.2026","4","3","","Rx59","SRE2",0.401712115768774,FALSE
"Rx59","Rx59 + AvrSr35",68.616095,"04.08.2026","4","3","","Rx59","AvrSr35",0.34978371470165,FALSE
"Rx59","Rx59 + AvrSr35",78.849824,"04.08.2026","4","3","","Rx59","AvrSr35",0.405190594861289,FALSE
"Rx59","Rx59 + AvrSr35",98.381926,"04.08.2026","4","3","","Rx59","AvrSr35",0.510940203315825,FALSE
"Rx59","Rx59 + AvrSr35",50.792656,"04.08.2026","4","3","","Rx59","AvrSr35",0.253285053392012,FALSE
"Rx59","Rx59 + AvrSr35",68.877309,"04.08.2026","4","3","","Rx59","AvrSr35",0.351197964853674,FALSE
"Rx59","Rx59 + SRE12",69.787819,"04.08.2026","4","3","","Rx59","SRE12",0.356127596902183,FALSE
"Rx59","Rx59 + SRE12",62.19723,"04.08.2026","4","3","","Rx59","SRE12",0.315031056719805,FALSE
"Rx59","Rx59 + SRE12",39.564424,"04.08.2026","4","3","","Rx59","SRE12",0.192493791005777,FALSE
"Rx59","Rx59 + SRE12",62.088391,"04.08.2026","4","3","","Rx59","SRE12",0.314441786725485,FALSE
"Rx59","Rx59 + SRE12",17.092128,"04.08.2026","4","3","","Rx59","SRE12",0.0708255495090638,FALSE
"Rx59","Rx59 + PTO",98.131706,"04.08.2026","4","3","","Rx59","PTO",0.509585476260463,FALSE
"Rx59","Rx59 + PTO",180.325418,"04.08.2026","4","3","","Rx59","PTO",0.954594050423394,FALSE
"Rx59","Rx59 + PTO",171.562225,"04.08.2026","4","3","","Rx59","PTO",0.907148863593961,FALSE
"Rx59","Rx59 + PTO",69.441073,"04.08.2026","4","3","","Rx59","PTO",0.354250264204802,FALSE
"Rx59","Rx59 + PTO",14.099384,"04.08.2026","4","3","","Rx59","PTO",0.0546224032115142,FALSE
"Rx60","Rx60 + SRE2",141.046174,"04.08.2026","4","3","","Rx60","SRE2",0.741930576036961,FALSE
"Rx60","Rx60 + SRE2",88.278584,"04.08.2026","4","3","","Rx60","SRE2",0.456239257120568,FALSE
"Rx60","Rx60 + SRE2",51.825638,"04.08.2026","4","3","","Rx60","SRE2",0.258877766456923,FALSE
"Rx60","Rx60 + SRE2",150.040237,"04.08.2026","4","3","","Rx60","SRE2",0.790625726239711,FALSE
"Rx60","Rx60 + SRE2",76.306069,"04.08.2026","4","3","","Rx60","SRE2",0.3914183395631,FALSE
"Rx60","Rx60 + AvrSr35",188.711961,"04.08.2026","4","3","","Rx60","AvrSr35",1,FALSE
"Rx60","Rx60 + AvrSr35",145.693712,"04.08.2026","4","3","","Rx60","AvrSr35",0.767093014968397,FALSE
"Rx60","Rx60 + AvrSr35",128.782982,"04.08.2026","4","3","","Rx60","AvrSr35",0.675535891409428,FALSE
"Rx60","Rx60 + AvrSr35",168.950967,"04.08.2026","4","3","","Rx60","AvrSr35",0.893011137348533,FALSE
"Rx60","Rx60 + AvrSr35",43.851803,"04.08.2026","4","3","","Rx60","AvrSr35",0.21570627732938,FALSE
"Rx60","Rx60 + SRE12",31.225154,"04.08.2026","4","3","","Rx60","SRE12",0.147343784247843,FALSE
"Rx60","Rx60 + SRE12",54.58861,"04.08.2026","4","3","","Rx60","SRE12",0.273836894111021,FALSE
"Rx60","Rx60 + SRE12",87.402155,"04.08.2026","4","3","","Rx60","SRE12",0.451494144506053,FALSE
"Rx60","Rx60 + SRE12",76.693712,"04.08.2026","4","3","","Rx60","SRE12",0.393517094498444,FALSE
"Rx60","Rx60 + SRE12",102.533641,"04.08.2026","4","3","","Rx60","SRE12",0.533418185238346,FALSE
"Rx60","Rx60 + PTO",12.638962,"04.08.2026","4","3","","Rx60","PTO",0.0467154685314479,FALSE
"Rx60","Rx60 + PTO",99.275506,"04.08.2026","4","3","","Rx60","PTO",0.515778173910224,FALSE
"Rx60","Rx60 + PTO",11.657432,"04.08.2026","4","3","","Rx60","PTO",0.041401323992044,FALSE
"Rx60","Rx60 + PTO",89.067942,"04.08.2026","4","3","","Rx60","PTO",0.460512954822457,FALSE
"Rx60","Rx60 + PTO",123.126869,"04.08.2026","4","3","","Rx60","PTO",0.644912882420195,FALSE
"Rx61","Rx61 + SRE2",140.342568,"13.08.2026","4","1","","Rx61","SRE2",1,FALSE
"Rx61","Rx61 + SRE2",70.260774,"13.08.2026","4","1","","Rx61","SRE2",0.498254811958979,FALSE
"Rx61","Rx61 + SRE2",45.755497,"13.08.2026","4","1","","Rx61","SRE2",0.322811175108554,FALSE
"Rx61","Rx61 + SRE2",52.080915,"13.08.2026","4","1","","Rx61","SRE2",0.36809751643492,FALSE
"Rx61","Rx61 + SRE2",23.593008,"13.08.2026","4","1","","Rx61","SRE2",0.164140547887424,FALSE
"Rx61","Rx61 + SRE2",48.747361,"13.08.2026","4","1","","Rx61","SRE2",0.34423119419758,FALSE
"Rx61","Rx61 + SRE12",55.872691,"13.08.2026","4","1","","Rx61","SRE12",0.395244443668681,FALSE
"Rx61","Rx61 + SRE12",73.05365,"13.08.2026","4","1","","Rx61","SRE12",0.518250191840312,FALSE
"Rx61","Rx61 + PTO",33.187115,"13.08.2026","4","1","","Rx61","PTO",0.232828815496565,FALSE
"Rx61","Rx61 + PTO",57.764072,"13.08.2026","4","1","","Rx61","PTO",0.408785639767374,FALSE
"Rx61","Rx61 + PTO",3.085092,"13.08.2026","4","1","","Rx61","PTO",0.0173157081901204,FALSE
"Rx62","Rx62 + SRE2",154.021988,"21.07.2026","5","5","","Rx62","SRE2",0.920316316271593,FALSE
"Rx62","Rx62 + SRE2",68.567722,"21.07.2026","5","5","","Rx62","SRE2",0.404651842207017,FALSE
"Rx62","Rx62 + SRE2",163.83993,"21.07.2026","5","5","","Rx62","SRE2",0.97956161945899,FALSE
"Rx62","Rx62 + SRE2",32.478012,"21.07.2026","5","5","","Rx62","SRE2",0.186872412373835,FALSE
"Rx62","Rx62 + SRE2",130.082894,"21.07.2026","5","5","","Rx62","SRE2",0.775858457174278,FALSE
"Rx62","Rx62 + SRE2",104.226929,"31.07.2026","4","2","irregular","Rx62","SRE2",0.714618643163489,TRUE
"Rx62","Rx62 + SRE2",15.539334,"31.07.2026","4","2","irregular","Rx62","SRE2",0.00306179125403032,TRUE
"Rx62","Rx62 + SRE2",20.316188,"31.07.2026","4","2","irregular","Rx62","SRE2",0.0413873676130589,TRUE
"Rx62","Rx62 + PvxCP",51.626209,"21.07.2026","5","5","","Rx62","PvxCP",0.302420124588576,FALSE
"Rx62","Rx62 + PvxCP",55.378848,"21.07.2026","5","5","","Rx62","PvxCP",0.325065016492383,FALSE
"Rx62","Rx62 + PvxCP",139.195251,"21.07.2026","5","5","","Rx62","PvxCP",0.83084598441948,FALSE
"Rx62","Rx62 + PvxCP",57.952726,"21.07.2026","5","5","","Rx62","PvxCP",0.340596803345206,FALSE
"Rx62","Rx62 + PvxCP",71.907872,"21.07.2026","5","5","","Rx62","PvxCP",0.424807614103142,FALSE
"Rx62","Rx62 + PvxCP",18.858548,"31.07.2026","4","2","irregular","Rx62","PvxCP",0.0296924543659774,TRUE
"Rx62","Rx62 + PvxCP",27.363464,"31.07.2026","4","2","irregular","Rx62","PvxCP",0.0979289563786251,TRUE
"Rx62","Rx62 + PvxCP",15.448563,"31.07.2026","4","2","irregular","Rx62","PvxCP",0.00233351886142938,TRUE
"Rx62","Rx62 + AvrSr35",9.700967,"21.07.2026","5","5","","Rx62","AvrSr35",0.049426811581124,FALSE
"Rx62","Rx62 + AvrSr35",125.974494,"21.07.2026","5","5","","Rx62","AvrSr35",0.75106676420898,FALSE
"Rx62","Rx62 + AvrSr35",99.262533,"21.07.2026","5","5","","Rx62","AvrSr35",0.589876340780635,FALSE
"Rx62","Rx62 + AvrSr35",80.476913,"21.07.2026","5","5","","Rx62","AvrSr35",0.476516560038068,FALSE
"Rx62","Rx62 + AvrSr35",102.637643,"21.07.2026","5","5","","Rx62","AvrSr35",0.610243074994467,FALSE
"Rx62","Rx62 + SRE12",108.055189,"21.07.2026","5","5","","Rx62","SRE12",0.642934667112415,FALSE
"Rx62","Rx62 + SRE12",57.801451,"21.07.2026","5","5","","Rx62","SRE12",0.339683950810563,FALSE
"Rx62","Rx62 + SRE12",51.85686,"21.07.2026","5","5","","Rx62","SRE12",0.303811962962186,FALSE
"Rx62","Rx62 + SRE12",147.931618,"21.07.2026","5","5","","Rx62","SRE12",0.883564640902821,FALSE
"Rx62","Rx62 + SRE12",75.141821,"21.07.2026","5","5","","Rx62","SRE12",0.44432252761532,FALSE
"Rx62","Rx62 + SRE12",22.734115,"31.07.2026","4","2","irregular","Rx62","SRE12",0.060786839706838,TRUE
"Rx62","Rx62 + SRE12",46.152421,"31.07.2026","4","2","irregular","Rx62","SRE12",0.248676206809558,TRUE
"Rx62","Rx62 + SRE12",15.495083,"31.07.2026","4","2","irregular","Rx62","SRE12",0.00270675735944962,TRUE
"Rx62","Rx62 + PTO",152.80277,"21.07.2026","5","5","","Rx62","PTO",0.912959077854262,FALSE
"Rx62","Rx62 + PTO",149.005497,"21.07.2026","5","5","","Rx62","PTO",0.890044846931903,FALSE
"Rx62","Rx62 + PTO",157.686675,"21.07.2026","5","5","","Rx62","PTO",0.94243047139717,FALSE
"Rx62","Rx62 + PTO",132.736148,"21.07.2026","5","5","","Rx62","PTO",0.791869229866068,FALSE
"Rx62","Rx62 + PTO",162.762093,"21.07.2026","5","5","","Rx62","PTO",0.973057529309385,FALSE
"Rx63","Rx63 + SRE2",60.705145,"21.07.2026","5","5","","Rx63","SRE2",0.357205976444187,FALSE
"Rx63","Rx63 + SRE2",48.209103,"21.07.2026","5","5","","Rx63","SRE2",0.281799970080281,FALSE
"Rx63","Rx63 + SRE2",134.135224,"21.07.2026","5","5","","Rx63","SRE2",0.800311801822819,FALSE
"Rx63","Rx63 + SRE2",107.536939,"21.07.2026","5","5","","Rx63","SRE2",0.639807343852931,FALSE
"Rx63","Rx63 + SRE2",91.476913,"21.07.2026","5","5","","Rx63","SRE2",0.542894863664365,FALSE
"Rx63","Rx63 + SRE2",66.803328,"31.07.2026","4","2","irregular","Rx63","SRE2",0.414362223822366,TRUE
"Rx63","Rx63 + SRE2",18.94289,"31.07.2026","4","2","irregular","Rx63","SRE2",0.0303691457116357,TRUE
"Rx63","Rx63 + SRE2",15.765507,"31.07.2026","4","2","irregular","Rx63","SRE2",0.00487641874355597,TRUE
"Rx63","Rx63 + PvxCP",85.855321,"21.07.2026","5","5","","Rx63","PvxCP",0.508971978151714,FALSE
"Rx63","Rx63 + PvxCP",94.703826,"21.07.2026","5","5","","Rx63","PvxCP",0.562367319199787,FALSE
"Rx63","Rx63 + PvxCP",121.955585,"21.07.2026","5","5","","Rx63","PvxCP",0.72681509495003,FALSE
"Rx63","Rx63 + PvxCP",151.437555,"21.07.2026","5","5","","Rx63","PvxCP",0.904720836419246,FALSE
"Rx63","Rx63 + PvxCP",146.261434,"21.07.2026","5","5","","Rx63","PvxCP",0.873486097206114,FALSE
"Rx63","Rx63 + AvrSr35",134.899956,"21.07.2026","5","5","","Rx63","AvrSr35",0.804926493903614,FALSE
"Rx63","Rx63 + AvrSr35",103.644679,"21.07.2026","5","5","","Rx63","AvrSr35",0.616319924209977,FALSE
"Rx63","Rx63 + AvrSr35",127.913588,"21.07.2026","5","5","","Rx63","AvrSr35",0.762768016053701,FALSE
"Rx63","Rx63 + AvrSr35",129.881706,"21.07.2026","5","5","","Rx63","AvrSr35",0.774644410069736,FALSE
"Rx63","Rx63 + AvrSr35",98.355101,"21.07.2026","5","5","","Rx63","AvrSr35",0.58440054107007,FALSE
"Rx63","Rx63 + SRE12",114.290237,"21.07.2026","5","5","","Rx63","SRE12",0.680559386136827,FALSE
"Rx63","Rx63 + SRE12",136.372471,"21.07.2026","5","5","","Rx63","SRE12",0.813812225518549,FALSE
"Rx63","Rx63 + SRE12",154.290457,"21.07.2026","5","5","","Rx63","SRE12",0.92193636325307,FALSE
"Rx63","Rx63 + SRE12",158.167326,"21.07.2026","5","5","","Rx63","SRE12",0.945330907580468,FALSE
"Rx63","Rx63 + SRE12",140.796174,"21.07.2026","5","5","","Rx63","SRE12",0.8405065801446,FALSE
"Rx63","Rx63 + PTO",142.308047,"21.07.2026","5","5","","Rx63","PTO",0.849629813329909,FALSE
"Rx63","Rx63 + PTO",134.676781,"21.07.2026","5","5","","Rx63","PTO",0.803579768638906,FALSE
"Rx63","Rx63 + PTO",138.573219,"21.07.2026","5","5","","Rx63","PTO",0.827092399968455,FALSE
"Rx63","Rx63 + PTO",144.719437,"21.07.2026","5","5","","Rx63","PTO",0.864181084019128,FALSE
"Rx63","Rx63 + PTO",146.32124,"21.07.2026","5","5","","Rx63","PTO",0.873846990008539,FALSE
"Rx66","Rx66 + SRE20(2)",146.668426,"17.07.2026","4","7","","Rx66","SRE20(2)",0.844027741434144,FALSE
"Rx66","Rx66 + SRE20(2)",135.888303,"17.07.2026","4","7","","Rx66","SRE20(2)",0.78195535405228,FALSE
"Rx66","Rx66 + SRE20(2)",136.710202,"17.07.2026","4","7","","Rx66","SRE20(2)",0.786687881975827,FALSE
"Rx66","Rx66 + AvrSr35",111.551231,"17.07.2026","4","7","","Rx66","AvrSr35",0.641821502061508,FALSE
"Rx66","Rx66 + AvrSr35",126.509675,"17.07.2026","4","7","","Rx66","AvrSr35",0.727952831972857,FALSE
"Rx66","Rx66 + AvrSr35",106.368734,"17.07.2026","4","7","","Rx66","AvrSr35",0.611980473217092,FALSE
"Rx66","Rx66 + PvxCP",115.818162,"17.07.2026","4","7","","Rx66","PvxCP",0.666390664580682,FALSE
"Rx66","Rx66 + PvxCP",145.262533,"17.07.2026","4","7","","Rx66","PvxCP",0.835932552268543,FALSE
"Rx66","Rx66 + PvxCP",126.578496,"17.07.2026","4","7","","Rx66","PvxCP",0.728349106094405,FALSE
"Rx66","Rx66 + SRE12",132.434916,"17.07.2026","4","7","","Rx66","SRE12",0.762070611026297,FALSE
"Rx66","Rx66 + SRE12",124.812665,"17.07.2026","4","7","","Rx66","SRE12",0.718181379262076,FALSE
"Rx66","Rx66 + SRE12",114.05343,"17.07.2026","4","7","","Rx66","SRE12",0.656229265835123,FALSE
"Rx66","Rx66 + PTO",150.181179,"17.07.2026","4","8","","Rx66","PTO",0.864254316306509,FALSE
"Rx66","Rx66 + PTO",141.948549,"17.07.2026","4","8","","Rx66","PTO",0.816850497395394,FALSE
"Rx66","Rx66 + PTO",173.756157,"17.07.2026","4","8","","Rx66","PTO",1,FALSE
"Rx67","Rx67 + SRE20",136.122032,"17.07.2026","4","7","","Rx67","SRE20",0.783301175155655,FALSE
"Rx67","Rx67 + SRE20",129.62423,"17.07.2026","4","7","","Rx67","SRE20",0.745886566539904,FALSE
"Rx67","Rx67 + SRE20",134.251539,"17.07.2026","4","7","","Rx67","SRE20",0.77253080026373,FALSE
"Rx67","Rx67 + SRE20",113.082555,"11.08.2026","3","3","","Rx67","SRE20",0.725855966935484,FALSE
"Rx67","Rx67 + SRE20",137.285566,"11.08.2026","3","3","","Rx67","SRE20",0.88148285303774,FALSE
"Rx67","Rx67 + SRE20",155.71729,"11.08.2026","3","3","","Rx67","SRE20",1,FALSE
"Rx67","Rx67 + AvrSr35",113.382586,"17.07.2026","4","7","","Rx67","AvrSr35",0.652366518755076,FALSE
"Rx67","Rx67 + AvrSr35",129.912709,"17.07.2026","4","7","","Rx67","AvrSr35",0.74754764037362,FALSE
"Rx67","Rx67 + AvrSr35",106.465919,"17.07.2026","4","7","","Rx67","AvrSr35",0.6125400684061,FALSE
"Rx67","Rx67 + PvxCP",143.259235,"17.07.2026","4","7","","Rx67","PvxCP",0.824397480776565,FALSE
"Rx67","Rx67 + PvxCP",145.281223,"17.07.2026","4","7","","Rx67","PvxCP",0.836040170049914,FALSE
"Rx67","Rx67 + PvxCP",124.777704,"17.07.2026","4","7","","Rx67","PvxCP",0.717980072399877,FALSE
"Rx67","Rx67 + PvxCP",97.524922,"11.08.2026","3","3","","Rx67","PvxCP",0.625819406240136,FALSE
"Rx67","Rx67 + PvxCP",114.650052,"11.08.2026","3","3","","Rx67","PvxCP",0.735935071435525,FALSE
"Rx67","Rx67 + SRE12",131.443272,"17.07.2026","4","7","","Rx67","SRE12",0.75636068447788,FALSE
"Rx67","Rx67 + SRE12",150.362797,"17.07.2026","4","7","","Rx67","SRE12",0.865300080149048,FALSE
"Rx67","Rx67 + SRE12",130.208004,"17.07.2026","4","7","","Rx67","SRE12",0.749247961012997,FALSE
"Rx67","Rx67 + SRE12",152.082814,"11.08.2026","3","3","","Rx67","SRE12",0.976630090260531,FALSE
"Rx67","Rx67 + PTO",129.248901,"17.07.2026","4","8","","Rx67","PTO",0.743725406868197,FALSE
"Rx67","Rx67 + PTO",127.469877,"17.07.2026","4","8","","Rx67","PTO",0.733481714204427,FALSE
"Rx67","Rx67 + PTO",125.516931,"17.07.2026","4","8","","Rx67","PTO",0.72223657157963,FALSE
"Rx67","RxWT + PvxCP",0.372906,"11.08.2026","3","2","","RxWT","PvxCP",0.00112582044469531,FALSE
"Rx67","RxWT + PvxCP",0.391379,"11.08.2026","3","2","","RxWT","PvxCP",0.00124460299893896,FALSE
"Rx67","RxWT + PvxCP",0.419458,"11.08.2026","3","2","","RxWT","PvxCP",0.00142515273859181,FALSE
"Rx67","RxWT + PvxCP",0.391379,"11.08.2026","3","2","","RxWT","PvxCP",0.00124460299893896,FALSE
"Rx67","RxWT + PvxCP",0.478571,"11.08.2026","3","2","","RxWT","PvxCP",0.00180525305413365,FALSE
"Rx68","Rx68 + SRE20",0.197819,"11.08.2026","3","3","irregular","Rx68","SRE20",0,TRUE
"Rx68","Rx68 + SRE20",39.752077,"11.08.2026","3","3","","Rx68","SRE20",0.254336371810318,FALSE
"Rx68","Rx68 + SRE20",0.209242,"11.08.2026","3","3","irregular","Rx68","SRE20",7.34506099239498e-05,TRUE
"Rx68","Rx68 + SRE20",31.238318,"11.08.2026","3","3","","Rx68","SRE20",0.199592364868577,FALSE
"Rx68","Rx68 + SRE20",0.207425,"11.08.2026","3","3","irregular","Rx68","SRE20",6.17671854092148e-05,TRUE
"Rx68","Rx68 + PvxCP",42.774922,"11.08.2026","3","3","","Rx68","PvxCP",0.273773455672313,FALSE
"Rx68","Rx68 + PvxCP",0.365005,"11.08.2026","3","3","irregular","Rx68","PvxCP",0.00107501651674214,TRUE
"Rx68","Rx68 + PvxCP",3.204829,"11.08.2026","3","3","irregular","Rx68","PvxCP",0.0193352638140082,TRUE
"Rx68","Rx68 + PvxCP",1.308671,"11.08.2026","3","3","","Rx68","PvxCP",0.00714284837041402,FALSE
"Rx68","Rx68 + SRE12",104.900312,"11.08.2026","3","3","","Rx68","SRE12",0.67324362876723,FALSE
"Rx68","Rx68 + SRE12",0.362669,"11.08.2026","3","3","irregular","Rx68","SRE12",0.00105999588951791,TRUE
"Rx68","Rx68 + SRE12",101.26298,"11.08.2026","3","3","","Rx68","SRE12",0.649855354767764,FALSE
"Rx68","Rx68 + PTO",5.509865,"11.08.2026","3","3","","Rx68","PTO",0.034156790566758,FALSE
"Rx68","Rx68 + PTO",22.305815,"11.08.2026","3","3","","Rx68","PTO",0.142155807615884,FALSE
"Rx68","Rx68 + PTO",0.500519,"11.08.2026","3","3","irregular","Rx68","PTO",0.00194638007738594,TRUE
"Rx68","Rx68 + PTO",0.42134,"11.08.2026","3","3","irregular","Rx68","PTO",0.00143725411720311,TRUE
"Rx188","Rx188 + SRE9",63.286865,"03.08.2026","4","11","","Rx188","SRE9",0.357619596366851,FALSE
"Rx188","Rx188 + SRE9",77.351611,"03.08.2026","4","11","","Rx188","SRE9",0.439101434160122,FALSE
"Rx188","Rx188 + SRE9",85.758984,"03.08.2026","4","11","","Rx188","SRE9",0.48780819381675,FALSE
"Rx188","Rx188 + SRE12",109.242875,"03.08.2026","4","11","","Rx188","SRE12",0.623858329184772,FALSE
"Rx188","Rx188 + SRE12",94.595415,"03.08.2026","4","11","","Rx188","SRE12",0.539000631804142,FALSE
"Rx188","Rx188 + SRE12",139.516419,"03.08.2026","4","11","","Rx188","SRE12",0.799243224271781,FALSE
"Rx188","Rx188 + PTO",123.51487,"03.08.2026","4","11","","Rx188","PTO",0.706540830637437,FALSE
"Rx188","Rx188 + PTO",156.111214,"03.08.2026","4","11","","Rx188","PTO",0.895382492937037,FALSE
"Rx188","Rx188 + PTO",174.169455,"03.08.2026","4","11","","Rx188","PTO",1,FALSE
"Rx190","Rx190 + SRE9",90.664808,"03.08.2026","4","11","","Rx190","SRE9",0.516229294020787,FALSE
"Rx190","Rx190 + SRE9",70.321871,"03.08.2026","4","11","","Rx190","SRE9",0.398375769124375,FALSE
"Rx190","Rx190 + SRE9",112.000929,"03.08.2026","4","11","","Rx190","SRE9",0.639836670254926,FALSE
"Rx190","Rx190 + SRE12",54.893123,"03.08.2026","4","11","","Rx190","SRE12",0.308991805710514,FALSE
"Rx190","Rx190 + SRE12",85.800186,"03.08.2026","4","11","","Rx190","SRE12",0.48804689095929,FALSE
"Rx190","Rx190 + SRE12",109.982962,"03.08.2026","4","11","","Rx190","SRE12",0.628145903868802,FALSE
"Rx190","Rx190 + PTO",47.171004,"03.08.2026","4","11","","Rx190","PTO",0.264254954595084,FALSE
"Rx190","Rx190 + PTO",70.829306,"03.08.2026","4","11","","Rx190","PTO",0.401315511965136,FALSE
"Rx190","Rx190 + PTO",108.534696,"03.08.2026","4","11","","Rx190","PTO",0.619755608353084,FALSE
"Sr35-59","Sr35-59 + SRE2",1.682143,"03.08.2026","4","6","","Sr35-59","SRE2",0.000722574173665536,FALSE
"Sr35-59","Sr35-59 + SRE2",1.615385,"03.08.2026","4","6","","Sr35-59","SRE2",0.000335822466425097,FALSE
"Sr35-59","Sr35-59 + SRE2",5.203022,"03.08.2026","4","6","","Sr35-59","SRE2",0.021120218863995,FALSE
"Sr35-59","Sr35-59 + AvrSr35",1.575,"03.08.2026","4","6","","Sr35-59","AvrSr35",0.000101858481630687,FALSE
"Sr35-59","Sr35-59 + AvrSr35",1.565934,"03.08.2026","4","6","","Sr35-59","AvrSr35",4.93360726633448e-05,FALSE
"Sr35-59","Sr35-59 + AvrSr35",116.001923,"03.08.2026","4","6","","Sr35-59","AvrSr35",0.663015783771789,FALSE
"Sr35-59","Sr35-59 + SRE12",1.558516,"03.08.2026","4","6","","Sr35-59","SRE12",6.36108593052548e-06,FALSE
"Sr35-59","Sr35-59 + SRE12",2.29533,"03.08.2026","4","6","","Sr35-59","SRE12",0.00427497417228209,FALSE
"Sr35-59","Sr35-59 + SRE12",103.498077,"03.08.2026","4","6","","Sr35-59","SRE12",0.590576768409262,FALSE
"Sr35-59","Sr35-59 + PTO",1.559615,"03.08.2026","4","6","","Sr35-59","PTO",1.2727965199785e-05,FALSE
"Sr35-59","Sr35-59 + PTO",3.632143,"03.08.2026","4","6","","Sr35-59","PTO",0.0120195847060191,FALSE
"Sr35-59","Sr35-59 + PTO",6.299451,"03.08.2026","4","6","","Sr35-59","PTO",0.0274722034593683,FALSE
"Sr35-60","Sr35-60 + SRE2",2.007967,"03.08.2026","4","6","","Sr35-60","SRE2",0.00261018297350839,FALSE
"Sr35-60","Sr35-60 + SRE2",1.662912,"03.08.2026","4","6","","Sr35-60","SRE2",0.000611162476461592,FALSE
"Sr35-60","Sr35-60 + SRE2",1.981593,"03.08.2026","4","6","","Sr35-60","SRE2",0.00245738945772362,FALSE
"Sr35-60","Sr35-60 + AvrSr35",1.557418,"03.08.2026","4","6","","Sr35-60","AvrSr35",0,FALSE
"Sr35-60","Sr35-60 + AvrSr35",37.148901,"03.08.2026","4","6","","Sr35-60","AvrSr35",0.206193517083632,FALSE
"Sr35-60","Sr35-60 + AvrSr35",48.477473,"03.08.2026","4","6","","Sr35-60","AvrSr35",0.27182377205826,FALSE
"Sr35-60","Sr35-60 + SRE12",82.201374,"03.08.2026","4","6","","Sr35-60","SRE12",0.467197754001362,FALSE
"Sr35-60","Sr35-60 + SRE12",35.123626,"03.08.2026","4","6","","Sr35-60","SRE12",0.194460412978036,FALSE
"Sr35-60","Sr35-60 + SRE12",116.578297,"03.08.2026","4","6","","Sr35-60","SRE12",0.666354913591571,FALSE
"Sr35-60","Sr35-60 + PTO",4.476099,"03.08.2026","4","6","","Sr35-60","PTO",0.0169089076910668,FALSE
"Sr35-60","Sr35-60 + PTO",4.903846,"03.08.2026","4","6","","Sr35-60","PTO",0.0193869909547502,FALSE
"Sr35-60","Sr35-60 + PTO",1.798901,"03.08.2026","4","6","","Sr35-60","PTO",0.00139899281763299,FALSE
"Sr35-61","Sr35-61 + SRE2",30.929859,"13.08.2026","3","1","","Sr35-61","SRE2",0.216668165611136,FALSE
"Sr35-61","Sr35-61 + SRE2",65.60664,"13.08.2026","3","1","","Sr35-61","SRE2",0.464933899269471,FALSE
"Sr35-61","Sr35-61 + SRE2",63.271768,"13.08.2026","3","1","","Sr35-61","SRE2",0.448217563630408,FALSE
"Sr35-61","Sr35-61 + AvrSr35",14.506816,"13.08.2026","3","1","","Sr35-61","AvrSr35",0.0990886584678008,FALSE
"Sr35-61","Sr35-61 + AvrSr35",74.432938,"13.08.2026","3","1","","Sr35-61","AvrSr35",0.528125097681374,FALSE
"Sr35-61","Sr35-61 + AvrSr35",67.293316,"13.08.2026","3","1","","Sr35-61","AvrSr35",0.477009525740795,FALSE
"Sr35-61","Sr35-61 + SRE12",64.547493,"13.08.2026","3","1","","Sr35-61","SRE12",0.457351018176586,FALSE
"Sr35-61","Sr35-61 + SRE12",81.80365,"13.08.2026","3","1","","Sr35-61","SRE12",0.580895140617721,FALSE
"Sr35-61","Sr35-61 + SRE12",101.098945,"13.08.2026","3","1","","Sr35-61","SRE12",0.719038313980006,FALSE
"Sr35-61","Sr35-61 + PTO",36.671064,"13.08.2026","3","1","","Sr35-61","PTO",0.257771879113491,FALSE
"Sr35-61","Sr35-61 + PTO",56.083553,"13.08.2026","3","1","","Sr35-61","PTO",0.396754093861722,FALSE
"Sr35-61","Sr35-61 + PTO",51.742304,"13.08.2026","3","1","","Sr35-61","PTO",0.365673257149152,FALSE
"Sr35-190","Sr35-190 + SRE9",25.598336,"08.08.2026","4","2","irregular","Sr35-190","SRE9",0.130586905533052,TRUE
"Sr35-190","Sr35-190 + SRE9",90.450832,"08.08.2026","4","2","irregular","Sr35-190","SRE9",0.650913539660056,TRUE
"Sr35-190","Sr35-190 + SRE9",43.945915,"08.08.2026","4","2","irregular","Sr35-190","SRE9",0.277793792149248,TRUE
"Sr35-190","Sr35-190 + AvrSr35",70.621407,"08.08.2026","4","2","irregular","Sr35-190","AvrSr35",0.491817458501918,TRUE
"Sr35-190","Sr35-190 + AvrSr35",61.634266,"08.08.2026","4","2","irregular","Sr35-190","AvrSr35",0.419711539449013,TRUE
"Sr35-190","Sr35-190 + AvrSr35",69.361195,"08.08.2026","4","2","irregular","Sr35-190","AvrSr35",0.481706485005285,TRUE
"Sr35-190","Sr35-190 + SRE12",61.795764,"08.08.2026","4","2","irregular","Sr35-190","SRE12",0.421007275402773,TRUE
"Sr35-190","Sr35-190 + SRE12",36.673601,"08.08.2026","4","2","irregular","Sr35-190","SRE12",0.219446328299365,TRUE
"Sr35-190","Sr35-190 + SRE12",38.883132,"08.08.2026","4","2","irregular","Sr35-190","SRE12",0.237173908564422,TRUE
"Sr35-190","Sr35-190 + PTO",81.065809,"08.08.2026","4","2","irregular","Sr35-190","PTO",0.575615320933139,TRUE
"Sr35-190","Sr35-190 + PTO",79.037065,"08.08.2026","4","2","irregular","Sr35-190","PTO",0.559338236747739,TRUE
"Sr35-190","Sr35-190 + PTO",68.615356,"08.08.2026","4","2","irregular","Sr35-190","PTO",0.475722445524821,TRUE
"Sr35-191","Sr35-191 + SRE9",49.719365,"08.08.2026","4","2","irregular","Sr35-191","SRE9",0.324115522091617,TRUE
"Sr35-191","Sr35-191 + SRE9",48.305598,"08.08.2026","4","2","irregular","Sr35-191","SRE9",0.312772541174586,TRUE
"Sr35-191","Sr35-191 + SRE9",9.322239,"08.08.2026","4","2","irregular","Sr35-191","SRE9",0,TRUE
"Sr35-191","Sr35-191 + AvrSr35",41.770045,"08.08.2026","4","2","irregular","Sr35-191","AvrSr35",0.26033628190326,TRUE
"Sr35-191","Sr35-191 + AvrSr35",55.737897,"08.08.2026","4","2","irregular","Sr35-191","AvrSr35",0.37240360182791,TRUE
"Sr35-191","Sr35-191 + AvrSr35",73.746974,"08.08.2026","4","2","irregular","Sr35-191","AvrSr35",0.516894608298102,TRUE
"Sr35-191","Sr35-191 + SRE12",26.803328,"08.08.2026","4","2","irregular","Sr35-191","SRE12",0.140254836147626,TRUE
"Sr35-191","Sr35-191 + SRE12",47.360061,"08.08.2026","4","2","irregular","Sr35-191","SRE12",0.30518627827034,TRUE
"Sr35-191","Sr35-191 + SRE12",94.69062,"08.08.2026","4","2","irregular","Sr35-191","SRE12",0.684930343260832,TRUE
"Sr35-191","Sr35-191 + PTO",91.712557,"08.08.2026","4","2","irregular","Sr35-191","PTO",0.661036652307007,TRUE
"Sr35-191","Sr35-191 + PTO",111.769667,"08.08.2026","4","2","irregular","Sr35-191","PTO",0.821959503088495,TRUE
"Sr35-191","Sr35-191 + PTO",87.334342,"08.08.2026","4","2","irregular","Sr35-191","PTO",0.625909216742547,TRUE
